PageID, PageTouched, NumAllocs, NumAllocatedGranules, PageBufferFirstAvail, PageTotalAllocFreedNodes, Pg_StgCount, Pg_StgSum, Pg_StgMin, Pg_StgMax, Pg_LdgCount, Pg_LdgSum, Pg_LdgMin, Pg_LdgMax, Pg_StgArrCount, Pg_StgArrSum, Pg_StgArrMin, Pg_StgArrMax, Pg_LdgArrCount, Pg_LdgArrSum, Pg_LdgArrMin, Pg_LdgArrMax, Page_MaxNumRuns, Page_TagArraySpaceUsage, Page_OurBTreeDepth, Page_OurSpaceUsage 
0, 1, 3, 244, 39, 0, 257, 0.0001927, 5e-07, 6.9e-06, 745032, 0.528704, 4e-07, 0.0145763, 257, 0.0001614, 5e-07, 8e-07, 745032, 0.489996, 4e-07, 0.0004118, 0, 128, 2, 39, 
1, 1, 15, 200, 117, 0, 44, 5.09e-05, 0, 1.8e-05, 702, 0.0004183, 0, 8e-07, 357, 0.000208, 0, 8e-07, 702, 0.000392, 0, 9e-07, 0, 128, -1, 128, 
2, 1, 2, 252, 13, 0, 504, 0.0002968, 0, 1e-06, 759496, 0.518898, 0, 0.0026388, 504, 0.0002804, 0, 2.5e-06, 759496, 0.514155, 0, 0.0133421, 0, 128, 1, 13, 
3, 1, 1, 256, 13, 0, 512, 0.0003173, 0, 9e-07, 770560, 0.522596, 0, 0.0004342, 512, 0.0002855, 0, 1.1e-06, 770560, 0.506755, 0, 0.0004538, 0, 128, 1, 13, 
4, 1, 1, 256, 13, 0, 512, 0.0003324, 0, 1.5e-06, 770560, 0.523018, 0, 0.0002307, 512, 0.0002982, 0, 3.8e-06, 770560, 0.509002, 0, 0.0013659, 0, 128, 1, 13, 
5, 1, 1, 256, 13, 0, 512, 0.0003178, 0, 1e-06, 770560, 0.525685, 0, 0.0003831, 512, 0.0002774, 0, 7e-07, 770560, 0.507598, 0, 0.0006435, 0, 128, 1, 13, 
6, 1, 1, 256, 13, 0, 512, 0.0003027, 0, 9e-07, 770560, 0.524928, 0, 0.000414, 512, 0.0002823, 0, 3.5e-06, 770560, 0.506964, 0, 0.0002631, 0, 128, 1, 13, 
7, 1, 1, 256, 13, 0, 512, 0.0003001, 0, 9e-07, 770560, 0.524661, 0, 0.0013648, 512, 0.0002788, 0, 7e-07, 770560, 0.508053, 0, 0.0002814, 0, 128, 1, 13, 
8, 1, 1, 256, 13, 0, 512, 0.000306, 0, 8.9e-06, 770560, 0.526464, 0, 0.0014113, 512, 0.0002839, 0, 8e-07, 770560, 0.508513, 0, 0.0004792, 0, 128, 1, 13, 
9, 1, 1, 256, 13, 0, 512, 0.0002978, 0, 8e-07, 770560, 0.524741, 0, 0.0004056, 512, 0.0002847, 0, 2.1e-06, 770560, 0.509997, 0, 0.0015166, 0, 128, 1, 13, 
10, 1, 2, 252, 13, 0, 504, 0.000297, 0, 1.2e-06, 758516, 0.517633, 0, 0.0006481, 504, 0.0002839, 0, 1.1e-06, 758516, 0.500541, 0, 0.0003247, 0, 128, 1, 13, 
11, 1, 8, 228, 78, 3, 456, 0.000346, 0, 2.8e-06, 681240, 0.469218, 0, 0.000407, 456, 0.0002926, 0, 1.1e-06, 681240, 0.452369, 0, 0.0018383, 0, 128, 2, 78, 
12, 1, 9, 224, 117, 5, 448, 0.0003677, 0, 2.8e-06, 662456, 0.457705, 0, 0.0012852, 448, 0.0002996, 0, 1.5e-06, 662456, 0.435879, 0, 0.0004354, 0, 128, 2, 117, 
13, 1, 11, 216, 117, 0, 144, 0.0001151, 0, 8.9e-06, 2402, 0.0015675, 0, 1.11e-05, 432, 0.0008522, 0, 0.0005593, 2402, 0.0015293, 0, 2.2e-06, 0, 128, -1, 128, 
14, 1, 15, 200, 117, 0, 113, 9.74e-05, 0, 9.4e-06, 908, 0.0006001, 0, 1.2e-06, 400, 0.000314, 0, 3.04e-05, 908, 0.0005814, 0, 1e-06, 0, 128, -1, 128, 
15, 1, 15, 198, 117, 0, 109, 9.82e-05, 0, 9.9e-06, 820, 0.0005322, 0, 1.5e-06, 396, 0.0002641, 0, 1e-06, 820, 0.0005148, 0, 1.4e-06, 0, 128, -1, 128, 
16, 1, 15, 198, 117, 0, 107, 0.000111, 0, 1.35e-05, 776, 0.0006078, 0, 1.3e-06, 396, 0.00029, 0, 1.1e-06, 776, 0.0005648, 0, 1e-06, 0, 128, -1, 128, 
17, 1, 13, 208, 117, 0, 149, 0.0001473, 0, 1.08e-05, 1458, 0.0010638, 0, 3.7e-06, 416, 0.0003298, 0, 1.3e-06, 1458, 0.0010294, 0, 3.6e-06, 0, 128, -1, 128, 
18, 1, 15, 200, 117, 0, 132, 0.0001297, 0, 1.22e-05, 1326, 0.0009858, 0, 3.3e-06, 400, 0.0003048, 0, 4.6e-06, 1326, 0.0009561, 0, 1.1e-06, 0, 128, -1, 128, 
19, 1, 15, 200, 117, 0, 128, 0.0001339, 0, 1.08e-05, 1238, 0.0009551, 0, 4.2e-06, 400, 0.0003376, 0, 1.14e-05, 1238, 0.0009509, 0, 3.17e-05, 0, 128, -1, 128, 
20, 1, 15, 200, 117, 0, 127, 0.0001295, 0, 1.02e-05, 1198, 0.0009211, 0, 1.5e-06, 400, 0.0003053, 0, 1.7e-06, 1198, 0.0008761, 0, 4.3e-06, 0, 128, -1, 128, 
21, 1, 16, 196, 117, 0, 123, 0.0001626, 0, 1.1e-05, 1128, 0.0009602, 0, 5.1e-06, 392, 0.0003203, 0, 3.5e-05, 1128, 0.0009305, 0, 1.33e-05, 0, 128, -1, 128, 
22, 1, 7, 232, 65, 1, 464, 0.0003838, 0, 4.8e-06, 565448, 0.373816, 0, 9.93e-05, 464, 0.0003232, 0, 1.5e-06, 565448, 0.358266, 0, 0.0001112, 0, 128, 2, 65, 
23, 1, 1, 256, 13, 0, 512, 0.000374, 0, 1.7e-06, 623104, 0.409555, 0, 0.0024117, 512, 0.0003472, 0, 1.5e-06, 623104, 0.395386, 0, 0.0003533, 0, 128, 1, 13, 
24, 1, 1, 256, 13, 0, 512, 0.0003983, 0, 3e-06, 623104, 0.407933, 0, 0.0012514, 512, 0.0003674, 0, 4.7e-06, 623104, 0.395375, 0, 0.0003445, 0, 128, 1, 13, 
25, 1, 1, 256, 13, 0, 512, 0.0003888, 0, 2.3e-06, 623104, 0.406987, 0, 0.0002069, 512, 0.0003596, 0, 2.1e-06, 623104, 0.395282, 0, 0.0004963, 0, 128, 1, 13, 
26, 1, 1, 256, 13, 0, 512, 0.0003645, 0, 1.5e-06, 623104, 0.407702, 0, 0.0014936, 512, 0.0003531, 0, 1.5e-06, 623104, 0.394129, 0, 0.0001299, 0, 128, 1, 13, 
27, 1, 1, 256, 13, 0, 512, 0.0003719, 0, 1.5e-06, 623104, 0.409058, 0, 0.0025681, 512, 0.0003635, 0, 3.2e-06, 623104, 0.39635, 0, 0.000792, 0, 128, 1, 13, 
28, 1, 1, 256, 13, 0, 512, 0.0003691, 0, 1.3e-06, 623104, 0.406113, 0, 0.0004201, 512, 0.0003518, 0, 1.5e-06, 623104, 0.394148, 0, 0.0001317, 0, 128, 1, 13, 
29, 1, 1, 256, 13, 0, 512, 0.0003782, 0, 1.5e-06, 623104, 0.408188, 0, 0.0002798, 512, 0.0003443, 0, 1.4e-06, 623104, 0.396506, 0, 0.0006506, 0, 128, 1, 13, 
30, 1, 2, 252, 13, 0, 504, 0.0003742, 0, 1.5e-06, 612620, 0.401273, 0, 0.0003706, 504, 0.0003296, 0, 1.4e-06, 612620, 0.387863, 0, 0.0001985, 0, 128, 1, 13, 
31, 1, 1, 256, 13, 0, 512, 0.0003676, 0, 1.5e-06, 622080, 0.406206, 0, 0.0002115, 512, 0.0003471, 0, 5.2e-06, 622080, 0.393717, 0, 0.0001433, 0, 128, 1, 13, 
32, 1, 1, 256, 13, 0, 512, 0.0003692, 0, 5.5e-06, 622080, 0.409865, 0, 0.001426, 512, 0.0003501, 0, 1.4e-06, 622080, 0.395016, 0, 0.000195, 0, 128, 1, 13, 
33, 1, 1, 256, 13, 0, 512, 0.0004796, 0, 7.02e-05, 622080, 0.408541, 0, 0.0007622, 512, 0.0003697, 0, 1.98e-05, 622080, 0.394785, 0, 0.0003757, 0, 128, 1, 13, 
34, 1, 1, 256, 13, 0, 512, 0.0004567, 0, 1.62e-05, 622080, 0.418749, 0, 0.0124557, 512, 0.0004006, 0, 9.5e-06, 622080, 0.395268, 0, 0.0002926, 0, 128, 1, 13, 
35, 1, 1, 256, 13, 0, 512, 0.0004645, 0, 1.18e-05, 622080, 0.407256, 0, 0.0004284, 512, 0.0003936, 0, 1.4e-06, 622080, 0.395878, 0, 0.0003261, 0, 128, 1, 13, 
36, 1, 1, 256, 13, 0, 512, 0.0004115, 0, 1.3e-06, 622080, 0.406254, 0, 0.0002938, 512, 0.000382, 0, 3.7e-06, 622080, 0.395286, 0, 0.0002998, 0, 128, 1, 13, 
37, 1, 1, 256, 13, 0, 512, 0.0003654, 0, 1.6e-06, 622080, 0.407574, 0, 0.0006281, 512, 0.0003355, 0, 4.1e-06, 622080, 0.396053, 0, 0.0006029, 0, 128, 1, 13, 
38, 1, 2, 252, 13, 0, 504, 0.0004801, 0, 4.98e-05, 611640, 0.399828, 0, 0.0003219, 504, 0.000396, 0, 8e-06, 611640, 0.389064, 0, 0.0007003, 0, 128, 1, 13, 
39, 1, 1, 256, 13, 0, 512, 0.0004091, 0, 5.9e-06, 621056, 0.406514, 0, 0.000441, 512, 0.000375, 0, 4.2e-06, 621056, 0.396691, 0, 0.0032012, 0, 128, 1, 13, 
40, 1, 1, 256, 13, 0, 512, 0.0004115, 0, 4e-06, 621056, 0.40732, 0, 0.0014502, 512, 0.0003817, 0, 1.1e-06, 621056, 0.393785, 0, 8.4e-05, 0, 128, 1, 13, 
41, 1, 1, 256, 13, 0, 512, 0.0004408, 0, 1.3e-06, 621056, 0.410423, 0, 0.0029288, 512, 0.0003955, 0, 1.1e-06, 621056, 0.395391, 0, 6.92e-05, 0, 128, 1, 13, 
42, 1, 1, 256, 13, 0, 512, 0.0004413, 0, 1.2e-06, 621056, 0.408558, 0, 0.00085, 512, 0.0003992, 0, 1.4e-06, 621056, 0.396247, 0, 0.0002166, 0, 128, 1, 13, 
43, 1, 1, 256, 13, 0, 512, 0.0004412, 0, 1.3e-06, 621056, 0.408449, 0, 0.0004901, 512, 0.0004081, 0, 8.3e-06, 621056, 0.39695, 0, 0.0004952, 0, 128, 1, 13, 
44, 1, 1, 256, 13, 0, 512, 0.0004311, 0, 9.2e-06, 621056, 0.408844, 0, 0.0007762, 512, 0.0004051, 0, 2.09e-05, 621056, 0.39586, 0, 0.0004733, 0, 128, 1, 13, 
45, 1, 1, 256, 13, 0, 512, 0.0003922, 0, 1.4e-06, 621056, 0.407757, 0, 0.000702, 512, 0.0003563, 0, 1.2e-06, 621056, 0.396027, 0, 0.0002287, 0, 128, 1, 13, 
46, 1, 6, 236, 65, 2, 472, 0.0003778, 0, 3.4e-06, 570860, 0.377249, 0, 0.0002092, 472, 0.0003181, 0, 3.9e-06, 570860, 0.364024, 0, 0.0004861, 0, 128, 2, 65, 
47, 1, 2, 249, 39, 2, 498, 0.0003423, 0, 2.1e-06, 598958, 0.393228, 0, 0.00011, 498, 0.0003112, 0, 1.3e-06, 598958, 0.383305, 0, 0.0016227, 0, 128, 1, 39, 
48, 1, 12, 211, 117, 0, 155, 0.0001359, 0, 1e-05, 1604, 0.0010187, 0, 1e-06, 422, 0.0002785, 0, 2.9e-06, 1604, 0.0010008, 0, 2.2e-06, 0, 128, -1, 128, 
49, 1, 2, 252, 13, 0, 504, 0.0003301, 0, 2.9e-06, 592244, 0.389333, 0, 0.0001765, 504, 0.0002931, 0, 9e-07, 592244, 0.377707, 0, 0.0003897, 0, 128, 1, 13, 
50, 1, 4, 244, 52, 1, 488, 0.000491, 0, 6.37e-05, 571284, 0.377886, 0, 0.0007749, 488, 0.000392, 0, 2.26e-05, 571284, 0.363334, 0, 0.0001414, 0, 128, 2, 52, 
51, 1, 11, 216, 117, 0, 295, 0.0003032, 0, 1.72e-05, 2910, 0.0021095, 0, 3.84e-05, 432, 0.0003646, 0, 1.79e-05, 2910, 0.0019469, 0, 5.2e-06, 0, 128, -1, 128, 
52, 1, 1, 256, 13, 0, 512, 0.0004361, 0, 6.7e-06, 588288, 0.38421, 0, 0.0003088, 512, 0.0003843, 0, 1.1e-06, 588288, 0.375146, 0, 0.0008135, 0, 128, 1, 13, 
53, 1, 1, 256, 13, 0, 512, 0.0003955, 0, 1.6e-06, 588288, 0.384849, 0, 0.0002895, 512, 0.0003789, 0, 5.9e-06, 588288, 0.373421, 0, 0.0003051, 0, 128, 1, 13, 
54, 1, 1, 256, 13, 0, 512, 0.0004173, 0, 1.2e-06, 588288, 0.383988, 0, 0.0001353, 512, 0.0003893, 0, 4.9e-06, 588288, 0.373454, 0, 0.0002942, 0, 128, 1, 13, 
55, 1, 2, 252, 13, 0, 504, 0.0004333, 0, 1.5e-05, 578960, 0.379449, 0, 0.0003329, 504, 0.0003881, 0, 2.72e-05, 578960, 0.368026, 0, 0.0003522, 0, 128, 1, 13, 
56, 1, 8, 228, 65, 5, 456, 0.0004002, 0, 6.6e-06, 519952, 0.354059, 0, 0.0121576, 456, 0.000338, 0, 1.27e-05, 519952, 0.329353, 0, 0.000127, 0, 128, 2, 65, 
57, 1, 5, 240, 52, 2, 480, 0.0003972, 0, 1.07e-05, 541084, 0.354623, 0, 0.0004484, 480, 0.000324, 0, 1.4e-06, 541084, 0.342151, 0, 0.0002818, 0, 128, 2, 52, 
58, 1, 4, 244, 52, 1, 488, 0.0003843, 0, 3.4e-06, 547664, 0.358951, 0, 8.61e-05, 488, 0.0003309, 0, 1.2e-06, 547664, 0.34602, 0, 0.0004517, 0, 128, 2, 52, 
59, 1, 7, 232, 65, 2, 464, 0.0003916, 0, 8.1e-06, 517756, 0.341002, 0, 0.0004616, 464, 0.0003258, 0, 1.3e-06, 517756, 0.32752, 0, 0.0002961, 0, 128, 2, 65, 
60, 1, 3, 248, 39, 2, 496, 0.0003797, 0, 2.3e-06, 548904, 0.360083, 0, 0.0005687, 496, 0.0003535, 0, 1.2e-06, 548904, 0.347898, 0, 0.0018401, 0, 128, 1, 39, 
61, 1, 1, 256, 13, 0, 512, 0.0004384, 0, 4.1e-06, 564736, 0.367074, 0, 0.000405, 512, 0.0003794, 0, 1e-06, 564736, 0.356472, 0, 0.0003515, 0, 128, 1, 13, 
62, 1, 1, 256, 13, 0, 512, 0.0004415, 0, 3.6e-06, 564736, 0.36741, 0, 0.0003409, 512, 0.0003917, 0, 3.7e-06, 564736, 0.356055, 0, 6.6e-05, 0, 128, 1, 13, 
63, 1, 1, 256, 13, 0, 512, 0.0004391, 0, 1.9e-06, 564736, 0.368064, 0, 0.0003953, 512, 0.0003984, 0, 5.3e-06, 564736, 0.358072, 0, 0.0005436, 0, 128, 1, 13, 
64, 1, 1, 256, 13, 0, 512, 0.0004125, 0, 1.6e-06, 564736, 0.36719, 0, 9.28e-05, 512, 0.000363, 0, 1.3e-06, 564736, 0.356325, 0, 0.0001401, 0, 128, 1, 13, 
65, 1, 1, 256, 13, 0, 512, 0.0003975, 0, 1.3e-06, 564736, 0.366542, 0, 0.0001339, 512, 0.0003618, 0, 3e-06, 564736, 0.356315, 0, 9.35e-05, 0, 128, 1, 13, 
66, 1, 1, 256, 13, 0, 512, 0.0003983, 0, 1.4e-06, 564736, 0.367597, 0, 0.0004067, 512, 0.0003679, 0, 1.5e-06, 564736, 0.35656, 0, 0.0002037, 0, 128, 1, 13, 
67, 1, 1, 256, 13, 0, 512, 0.0004777, 0, 1.96e-05, 564736, 0.366684, 0, 0.000275, 512, 0.000436, 0, 1.86e-05, 564736, 0.358293, 0, 0.001359, 0, 128, 1, 13, 
68, 1, 1, 256, 13, 0, 512, 0.0004415, 0, 1.7e-06, 564736, 0.36798, 0, 0.0001387, 512, 0.0003993, 0, 3.6e-06, 564736, 0.356191, 0, 0.0001035, 0, 128, 1, 13, 
69, 1, 1, 256, 13, 0, 512, 0.0004887, 0, 3.82e-05, 564736, 0.368686, 0, 0.0004045, 512, 0.0004065, 0, 3.9e-06, 564736, 0.356573, 0, 0.0001126, 0, 128, 1, 13, 
70, 1, 1, 256, 13, 0, 512, 0.0004246, 0, 1.8e-06, 564736, 0.367331, 0, 0.0014089, 512, 0.0003809, 0, 1.4e-06, 564736, 0.356243, 0, 0.0001126, 0, 128, 1, 13, 
71, 1, 1, 256, 13, 0, 512, 0.0004808, 0, 2.31e-05, 564736, 0.366781, 0, 0.0001814, 512, 0.0004112, 0, 1.18e-05, 564736, 0.36072, 0, 0.0026875, 0, 128, 1, 13, 
72, 1, 1, 256, 13, 0, 512, 0.0004517, 0, 6.6e-06, 564736, 0.366519, 0, 0.0003105, 512, 0.0003971, 0, 1.2e-06, 564736, 0.356521, 0, 0.0003166, 0, 128, 1, 13, 
73, 1, 1, 256, 13, 0, 512, 0.0003946, 0, 4.8e-06, 564736, 0.367234, 0, 0.0009682, 512, 0.0003699, 0, 5.4e-06, 564736, 0.355587, 0, 4.94e-05, 0, 128, 1, 13, 
74, 1, 1, 256, 13, 0, 512, 0.0004431, 0, 3.1e-06, 564736, 0.366157, 0, 0.0002298, 512, 0.0003994, 0, 1.5e-06, 564736, 0.356953, 0, 0.0011884, 0, 128, 1, 13, 
75, 1, 1, 256, 13, 0, 512, 0.0004475, 0, 2.24e-05, 564736, 0.365937, 0, 0.0004048, 512, 0.0003801, 0, 1.6e-06, 564736, 0.355415, 0, 0.0001299, 0, 128, 1, 13, 
76, 1, 4, 244, 39, 0, 488, 0.0004282, 0, 1.61e-05, 538212, 0.351521, 0, 0.0003204, 488, 0.0003624, 0, 2e-06, 538212, 0.338806, 0, 0.0004597, 0, 128, 2, 39, 
77, 1, 2, 252, 13, 0, 504, 0.0003618, 0, 2.3e-06, 551996, 0.35679, 0, 0.0002922, 504, 0.0003684, 0, 3.53e-05, 551996, 0.346593, 0, 0.0001597, 0, 128, 1, 13, 
78, 1, 5, 240, 52, 2, 480, 0.0003719, 0, 3.9e-06, 523520, 0.341941, 0, 0.0002108, 480, 0.0003197, 0, 1.1e-06, 523520, 0.330157, 0, 0.0010732, 0, 128, 2, 52, 
79, 1, 1, 256, 13, 0, 512, 0.0003506, 0, 1.3e-06, 556544, 0.361643, 0, 0.0004049, 512, 0.0003356, 0, 9e-07, 556544, 0.349902, 0, 0.0002918, 0, 128, 1, 13, 
80, 1, 1, 256, 13, 0, 512, 0.0003548, 0, 3.9e-06, 556544, 0.359738, 0, 0.0001163, 512, 0.0003283, 0, 9e-07, 556544, 0.350809, 0, 0.0001435, 0, 128, 1, 13, 
81, 1, 1, 256, 13, 0, 512, 0.0003602, 0, 3.1e-06, 556544, 0.363472, 0, 0.0013181, 512, 0.0003375, 0, 2.2e-06, 556544, 0.350785, 0, 0.0004966, 0, 128, 1, 13, 
82, 1, 1, 256, 13, 0, 512, 0.0003533, 0, 3e-06, 556544, 0.359845, 0, 0.0001415, 512, 0.0003394, 0, 1e-06, 556544, 0.350979, 0, 0.0014409, 0, 128, 1, 13, 
83, 1, 1, 256, 13, 0, 512, 0.0003536, 0, 1.1e-06, 556544, 0.360398, 0, 0.0003038, 512, 0.00033, 0, 2.2e-06, 556544, 0.35, 0, 0.0005393, 0, 128, 1, 13, 
84, 1, 1, 256, 13, 0, 512, 0.0003965, 0, 2.74e-05, 556544, 0.362108, 0, 0.0017743, 512, 0.0003463, 0, 3.9e-06, 556544, 0.350401, 0, 0.000293, 0, 128, 1, 13, 
85, 1, 1, 256, 13, 0, 512, 0.0004025, 0, 5.1e-06, 556544, 0.358613, 0, 6.05e-05, 512, 0.0003889, 0, 1.97e-05, 556544, 0.349808, 0, 0.0007796, 0, 128, 1, 13, 
86, 1, 4, 244, 52, 1, 488, 0.0003763, 0, 3.8e-06, 529780, 0.345403, 0, 0.0001404, 488, 0.0003347, 0, 1.5e-06, 529780, 0.332228, 0, 0.0004065, 0, 128, 2, 52, 
87, 1, 15, 197, 117, 1, 111, 0.0001275, 0, 1.05e-05, 954, 0.0007688, 0, 3.2e-06, 394, 0.0002714, 0, 1.3e-06, 954, 0.0007758, 0, 3.07e-05, 0, 128, -1, 128, 
88, 1, 15, 199, 117, 0, 110, 0.0001209, 0, 1.05e-05, 932, 0.0006913, 0, 8e-06, 398, 0.0002592, 0, 1.3e-06, 932, 0.0006603, 0, 2.3e-06, 0, 128, -1, 128, 
89, 1, 15, 197, 117, 0, 109, 0.0001912, 0, 6.64e-05, 1296, 0.0010738, 0, 4.8e-06, 394, 0.0003186, 0, 2.7e-05, 1296, 0.001044, 0, 2.73e-05, 0, 128, -1, 128, 
90, 1, 15, 199, 117, 2, 109, 0.0001143, 0, 1.15e-05, 1484, 0.0010341, 0, 1.48e-05, 398, 0.0002478, 0, 3.5e-06, 1484, 0.000963, 0, 7.3e-06, 0, 128, -1, 128, 
91, 1, 13, 208, 117, 0, 181, 0.0001717, 0, 9.3e-06, 1646, 0.0010827, 0, 1.7e-06, 416, 0.0002813, 0, 1e-06, 1646, 0.001041, 0, 1.02e-05, 0, 128, -1, 128, 
92, 1, 15, 200, 117, 3, 111, 0.0001131, 0, 1.23e-05, 1532, 0.0010349, 0, 1.22e-05, 400, 0.0002443, 0, 2.7e-06, 1532, 0.0010001, 0, 5.7e-06, 0, 128, -1, 128, 
93, 1, 15, 200, 117, 3, 107, 0.0001108, 0, 1.12e-05, 1436, 0.0009763, 0, 1.01e-05, 400, 0.0002813, 0, 3.1e-06, 1436, 0.0009555, 0, 1.97e-05, 0, 128, -1, 128, 
94, 1, 14, 199, 117, 0, 109, 0.0001248, 0, 1.06e-05, 1576, 0.0010815, 0, 3e-06, 398, 0.000272, 0, 4.3e-06, 1576, 0.0010523, 0, 3.31e-05, 0, 128, -1, 128, 
95, 1, 15, 197, 117, 0, 106, 0.0001008, 0, 9.1e-06, 1546, 0.0010035, 0, 1.3e-06, 394, 0.0002309, 0, 8e-07, 1546, 0.0009414, 0, 9e-07, 0, 128, -1, 128, 
96, 1, 10, 216, 117, 3, 108, 0.0001419, 0, 5.11e-05, 1446, 0.0009225, 0, 2.2e-06, 432, 0.0002722, 0, 1.1e-06, 1446, 0.0009014, 0, 2.4e-06, 0, 128, -1, 128, 
97, 1, 1, 256, 13, 0, 512, 0.0004301, 0, 2.58e-05, 413184, 0.263104, 0, 0.0001103, 512, 0.0004519, 0, 8.93e-05, 413184, 0.255671, 0, 9.29e-05, 0, 128, 1, 13, 
98, 1, 1, 256, 13, 0, 512, 0.0003577, 0, 4.2e-06, 413184, 0.263398, 0, 0.0001633, 512, 0.0003226, 0, 1e-06, 413184, 0.256849, 0, 0.0003372, 0, 128, 1, 13, 
99, 1, 1, 256, 13, 0, 512, 0.0003471, 0, 9e-07, 413184, 0.263555, 0, 0.0001431, 512, 0.0003378, 0, 3.8e-06, 413184, 0.257804, 0, 0.0008496, 0, 128, 1, 13, 
100, 1, 1, 256, 13, 0, 512, 0.0003471, 0, 1.9e-06, 413184, 0.263734, 0, 6.03e-05, 512, 0.0003307, 0, 9e-07, 413184, 0.256824, 0, 0.0005223, 0, 128, 1, 13, 
101, 1, 1, 256, 13, 0, 512, 0.0003794, 0, 1.5e-06, 413184, 0.26339, 0, 6.55e-05, 512, 0.0003563, 0, 9.9e-06, 413184, 0.255584, 0, 6.2e-05, 0, 128, 1, 13, 
102, 1, 1, 256, 13, 0, 512, 0.0004012, 0, 3.66e-05, 413184, 0.263228, 0, 0.0001045, 512, 0.000328, 0, 1e-06, 413184, 0.255918, 0, 6.4e-05, 0, 128, 1, 13, 
103, 1, 1, 256, 13, 0, 512, 0.0003651, 0, 5.4e-06, 413184, 0.265247, 0, 0.0003247, 512, 0.0003278, 0, 9e-07, 413184, 0.256315, 0, 5.38e-05, 0, 128, 1, 13, 
104, 1, 2, 252, 13, 0, 504, 0.0003902, 0, 2.3e-06, 406316, 0.258614, 0, 5.65e-05, 504, 0.0003604, 0, 2.8e-06, 406316, 0.251719, 0, 0.0002912, 0, 128, 1, 13, 
105, 1, 1, 256, 13, 0, 512, 0.0003923, 0, 1.7e-06, 412160, 0.263017, 0, 0.0002952, 512, 0.0003923, 0, 1.55e-05, 412160, 0.256476, 0, 0.0003499, 0, 128, 1, 13, 
106, 1, 1, 256, 13, 0, 512, 0.0003902, 0, 2.5e-06, 412160, 0.262814, 0, 0.0004033, 512, 0.0003523, 0, 1.3e-06, 412160, 0.25689, 0, 0.0016349, 0, 128, 1, 13, 
107, 1, 1, 256, 13, 0, 512, 0.0004317, 0, 4.48e-05, 412160, 0.262708, 0, 0.000367, 512, 0.0003466, 0, 1.1e-06, 412160, 0.254783, 0, 5.94e-05, 0, 128, 1, 13, 
108, 1, 1, 256, 13, 0, 512, 0.0003715, 0, 1.1e-06, 412160, 0.262253, 0, 0.000291, 512, 0.0004329, 0, 8.94e-05, 412160, 0.255891, 0, 0.0004145, 0, 128, 1, 13, 
109, 1, 1, 256, 13, 0, 512, 0.0003714, 0, 3.7e-06, 412160, 0.262749, 0, 0.0004021, 512, 0.0003456, 0, 9e-07, 412160, 0.255132, 0, 0.0002944, 0, 128, 1, 13, 
110, 1, 1, 256, 13, 0, 512, 0.0003696, 0, 3.9e-06, 412160, 0.262814, 0, 0.0001266, 512, 0.0003477, 0, 1e-06, 412160, 0.255275, 0, 8.1e-05, 0, 128, 1, 13, 
111, 1, 1, 256, 13, 0, 512, 0.0003663, 0, 1.4e-06, 412160, 0.262106, 0, 7.19e-05, 512, 0.0003458, 0, 1.1e-06, 412160, 0.254735, 0, 6.29e-05, 0, 128, 1, 13, 
112, 1, 2, 252, 13, 0, 504, 0.0003721, 0, 1.6e-06, 405336, 0.257568, 0, 0.0001008, 504, 0.0003433, 0, 1.2e-06, 405336, 0.250312, 0, 6.04e-05, 0, 128, 1, 13, 
113, 1, 1, 256, 13, 0, 512, 0.0003978, 0, 1.3e-05, 411136, 0.262641, 0, 0.0002182, 512, 0.000352, 0, 7.1e-06, 411136, 0.254579, 0, 0.0001699, 0, 128, 1, 13, 
114, 1, 1, 256, 13, 0, 512, 0.0003585, 0, 1.5e-06, 411136, 0.262503, 0, 0.000292, 512, 0.0003342, 0, 1.2e-06, 411136, 0.255652, 0, 0.0007759, 0, 128, 1, 13, 
115, 1, 1, 256, 13, 0, 512, 0.0003723, 0, 1.2e-06, 411136, 0.262152, 0, 5.07e-05, 512, 0.0003267, 0, 4e-06, 411136, 0.255163, 0, 0.0001358, 0, 128, 1, 13, 
116, 1, 1, 256, 13, 0, 512, 0.0003622, 0, 4.4e-06, 411136, 0.262335, 0, 9.93e-05, 512, 0.0003387, 0, 3.4e-06, 411136, 0.254939, 0, 0.0001293, 0, 128, 1, 13, 
117, 1, 1, 256, 13, 0, 512, 0.0003536, 0, 1.2e-06, 411136, 0.262147, 0, 0.0002051, 512, 0.0003432, 0, 5.4e-06, 411136, 0.25563, 0, 0.0008432, 0, 128, 1, 13, 
118, 1, 1, 256, 13, 0, 512, 0.0003519, 0, 1.3e-06, 411136, 0.262879, 0, 0.0007377, 512, 0.000324, 0, 1.3e-06, 411136, 0.255088, 0, 0.0002887, 0, 128, 1, 13, 
119, 1, 1, 256, 13, 0, 512, 0.0003559, 0, 1.2e-06, 411136, 0.262437, 0, 0.0003191, 512, 0.0003707, 0, 2.76e-05, 411136, 0.255097, 0, 0.0001142, 0, 128, 1, 13, 
120, 1, 3, 248, 39, 2, 496, 0.0003878, 0, 3.3e-06, 397728, 0.254497, 0, 0.0001627, 496, 0.0003408, 0, 1.3e-06, 397728, 0.246561, 0, 0.0002372, 0, 128, 1, 39, 
121, 1, 3, 248, 39, 2, 496, 0.0004663, 0, 9.1e-06, 396048, 0.252973, 0, 0.0004492, 496, 0.0004034, 0, 4.3e-06, 396048, 0.244988, 0, 8.36e-05, 0, 128, 1, 39, 
122, 1, 3, 248, 39, 2, 496, 0.0004582, 0, 3.4e-06, 394272, 0.252782, 0, 0.0001719, 496, 0.0004227, 0, 1.65e-05, 394272, 0.243136, 0, 6.67e-05, 0, 128, 1, 39, 
123, 1, 9, 224, 117, 6, 448, 0.0003804, 0, 4.4e-06, 348092, 0.22539, 0, 9.55e-05, 448, 0.0003022, 0, 1e-06, 348092, 0.214229, 0, 5.48e-05, 0, 128, 2, 117, 
124, 1, 1, 256, 13, 0, 512, 0.0003696, 0, 1.4e-06, 396800, 0.251836, 0, 5.56e-05, 512, 0.0003539, 0, 4.9e-06, 396800, 0.245049, 0, 4.36e-05, 0, 128, 1, 13, 
125, 1, 1, 256, 13, 0, 512, 0.0003725, 0, 5e-06, 396800, 0.252527, 0, 0.0001483, 512, 0.0003241, 0, 1.2e-06, 396800, 0.245551, 0, 0.0003947, 0, 128, 1, 13, 
126, 1, 1, 256, 13, 0, 512, 0.0003553, 0, 1.15e-05, 396800, 0.254092, 0, 0.0009195, 512, 0.0003178, 0, 1.1e-06, 396800, 0.245984, 0, 0.0002881, 0, 128, 1, 13, 
127, 1, 6, 236, 52, 1, 472, 0.000359, 0, 3.5e-06, 363992, 0.235015, 0, 0.0002198, 472, 0.0003097, 0, 2.8e-06, 363992, 0.225548, 0, 9.09e-05, 0, 128, 2, 52, 
128, 1, 4, 244, 52, 1, 488, 0.000391, 0, 3.1e-06, 371184, 0.240681, 0, 0.0022998, 488, 0.0003352, 0, 1.4e-06, 371184, 0.230522, 0, 0.0003667, 0, 128, 2, 52, 
129, 1, 2, 252, 13, 0, 504, 0.0004289, 0, 1.8e-06, 381924, 0.242399, 0, 8.74e-05, 504, 0.0003942, 0, 5e-06, 381924, 0.235799, 0, 9e-05, 0, 128, 1, 13, 
130, 1, 1, 256, 13, 0, 512, 0.0004489, 0, 4.5e-06, 387584, 0.248123, 0, 0.0016293, 512, 0.0004016, 0, 1.2e-06, 387584, 0.239049, 0, 0.0001801, 0, 128, 1, 13, 
131, 1, 1, 256, 13, 0, 512, 0.0004594, 0, 2.3e-06, 387584, 0.247587, 0, 0.0023067, 512, 0.0004172, 0, 4.6e-06, 387584, 0.239338, 0, 0.0003689, 0, 128, 1, 13, 
132, 1, 1, 256, 13, 0, 512, 0.0004533, 0, 3.5e-06, 387584, 0.245405, 0, 6.13e-05, 512, 0.0003985, 0, 1.3e-06, 387584, 0.240445, 0, 0.0009471, 0, 128, 1, 13, 
133, 1, 1, 256, 13, 0, 512, 0.0004418, 0, 1.7e-06, 387584, 0.246715, 0, 0.0006418, 512, 0.0004496, 0, 3.32e-05, 387584, 0.238593, 0, 5.38e-05, 0, 128, 1, 13, 
134, 1, 1, 256, 13, 0, 512, 0.0004512, 0, 4.9e-06, 387584, 0.246177, 0, 0.000417, 512, 0.0004042, 0, 1.3e-06, 387584, 0.238507, 0, 0.0001394, 0, 128, 1, 13, 
135, 1, 1, 256, 13, 0, 512, 0.0005638, 0, 8.98e-05, 387584, 0.246305, 0, 0.0005424, 512, 0.0003966, 0, 1.6e-06, 387584, 0.238685, 0, 9.05e-05, 0, 128, 1, 13, 
136, 1, 1, 256, 13, 0, 512, 0.000451, 0, 2e-06, 387584, 0.245741, 0, 0.0003814, 512, 0.0004018, 0, 3.4e-06, 387584, 0.238319, 0, 8.9e-05, 0, 128, 1, 13, 
137, 1, 1, 256, 13, 0, 512, 0.0004602, 0, 4.2e-06, 387584, 0.245669, 0, 0.0003014, 512, 0.0004108, 0, 2.3e-06, 387584, 0.238861, 0, 0.0004032, 0, 128, 1, 13, 
138, 1, 1, 256, 13, 0, 512, 0.000472, 0, 1.8e-06, 387584, 0.245131, 0, 9.83e-05, 512, 0.0004273, 0, 3.7e-06, 387584, 0.249369, 0, 0.0113281, 0, 128, 1, 13, 
139, 1, 1, 256, 13, 0, 512, 0.0004675, 0, 1.5e-06, 387584, 0.246419, 0, 0.0004069, 512, 0.0004211, 0, 3.4e-06, 387584, 0.239027, 0, 0.0001251, 0, 128, 1, 13, 
140, 1, 1, 256, 13, 0, 512, 0.0004779, 0, 3.8e-06, 387584, 0.246091, 0, 0.0002356, 512, 0.0004296, 0, 6.3e-06, 387584, 0.239759, 0, 0.0004078, 0, 128, 1, 13, 
141, 1, 1, 256, 13, 0, 512, 0.0004588, 0, 1.51e-05, 387584, 0.247389, 0, 0.0009019, 512, 0.0004014, 0, 3.7e-06, 387584, 0.239371, 0, 0.0002955, 0, 128, 1, 13, 
142, 1, 1, 256, 13, 0, 512, 0.0004384, 0, 3.3e-06, 387584, 0.246169, 0, 0.000128, 512, 0.0003986, 0, 5.1e-06, 387584, 0.240371, 0, 0.0008358, 0, 128, 1, 13, 
143, 1, 1, 256, 13, 0, 512, 0.0004428, 0, 4.9e-06, 387584, 0.246223, 0, 0.0003674, 512, 0.0003979, 0, 4.1e-06, 387584, 0.239644, 0, 0.0003671, 0, 128, 1, 13, 
144, 1, 1, 256, 13, 0, 512, 0.0004254, 0, 1.4e-06, 387584, 0.246002, 0, 0.0004071, 512, 0.0003886, 0, 1.2e-06, 387584, 0.2428, 0, 0.0042796, 0, 128, 1, 13, 
145, 1, 5, 240, 52, 1, 480, 0.000416, 0, 5.4e-06, 361360, 0.230078, 0, 0.0001157, 480, 0.0003666, 0, 8.5e-06, 361360, 0.221741, 0, 5.63e-05, 0, 128, 2, 52, 
146, 1, 4, 244, 52, 1, 488, 0.0003948, 0, 2.3e-05, 364584, 0.231856, 0, 0.0003269, 488, 0.0003197, 0, 1.3e-06, 364584, 0.223161, 0, 0.0002113, 0, 128, 2, 52, 
147, 1, 6, 236, 65, 4, 472, 0.0003566, 0, 3e-06, 350156, 0.225528, 0, 0.0019092, 472, 0.0003082, 0, 1.1e-06, 350156, 0.214536, 0, 0.0001945, 0, 128, 2, 65, 
148, 1, 2, 252, 13, 0, 504, 0.0004135, 0, 3.7e-06, 368516, 0.233184, 0, 0.0001339, 504, 0.0003721, 0, 2.7e-06, 368516, 0.226383, 0, 0.0002879, 0, 128, 1, 13, 
149, 1, 11, 216, 117, 0, 256, 0.0002251, 0, 1.06e-05, 2218, 0.0015062, 0, 1.55e-05, 347, 0.00022, 0, 2.4e-06, 2218, 0.0014555, 0, 1.36e-05, 0, 128, -1, 128, 
150, 1, 26, 154, 117, 4, 135, 0.0001538, 0, 1.02e-05, 2802, 0.0020166, 0, 1.51e-05, 291, 0.0001908, 0, 1.3e-06, 2802, 0.0019253, 0, 1.67e-05, 0, 128, -1, 128, 
151, 1, 30, 138, 117, 2, 168, 0.0002062, 0, 1.05e-05, 2998, 0.0020492, 0, 6.1e-06, 276, 0.0001789, 0, 2.1e-06, 2998, 0.00196, 0, 5.1e-06, 0, 128, -1, 128, 
152, 1, 29, 143, 117, 5, 186, 0.0002195, 0, 3.97e-05, 3564, 0.0023077, 0, 9.4e-06, 286, 0.0001725, 0, 9e-07, 3564, 0.0021967, 0, 4.5e-06, 0, 128, -1, 128, 
153, 1, 29, 141, 117, 0, 170, 0.0001703, 0, 9.3e-06, 2980, 0.0018715, 0, 9.6e-06, 282, 0.0001727, 0, 3.6e-06, 2980, 0.001772, 0, 3.4e-06, 0, 128, -1, 128, 
154, 1, 30, 140, 117, 5, 182, 0.0001861, 0, 9.1e-06, 3416, 0.0020825, 0, 3.6e-06, 280, 0.0001628, 0, 1.9e-06, 3416, 0.0019855, 0, 2.25e-05, 0, 128, -1, 128, 
155, 1, 30, 140, 117, 5, 160, 0.0001643, 0, 8.6e-06, 2714, 0.0017312, 0, 3.27e-05, 280, 0.0001701, 0, 1.4e-06, 2714, 0.0016098, 0, 7.7e-06, 0, 128, -1, 128, 
156, 1, 17, 192, 117, 5, 133, 0.0001465, 0, 9.9e-06, 2178, 0.0013879, 0, 1.35e-05, 384, 0.0002243, 0, 9e-07, 2178, 0.0012962, 0, 4.4e-06, 0, 128, -1, 128, 
157, 1, 1, 256, 13, 0, 512, 0.0003261, 0, 1.5e-06, 175616, 0.110275, 0, 9.91e-05, 512, 0.0002906, 0, 7e-07, 175616, 0.107713, 0, 0.0001014, 0, 128, 1, 13, 
158, 1, 1, 256, 13, 0, 512, 0.0003138, 0, 8e-07, 175616, 0.11033, 0, 3.88e-05, 512, 0.0002936, 0, 7e-07, 175616, 0.107453, 0, 6.33e-05, 0, 128, 1, 13, 
159, 1, 1, 256, 13, 0, 512, 0.0003139, 0, 8e-07, 175616, 0.110553, 0, 5.97e-05, 512, 0.0003045, 0, 1.2e-06, 175616, 0.107105, 0, 6.54e-05, 0, 128, 1, 13, 
160, 1, 1, 256, 13, 0, 512, 0.0003161, 0, 2.4e-06, 175616, 0.110461, 0, 3.82e-05, 512, 0.0003054, 0, 8e-07, 175616, 0.107607, 0, 6.37e-05, 0, 128, 1, 13, 
161, 1, 1, 256, 13, 0, 512, 0.0003149, 0, 9e-07, 175616, 0.11031, 0, 5.18e-05, 512, 0.0003032, 0, 3e-06, 175616, 0.10726, 0, 5.58e-05, 0, 128, 1, 13, 
162, 1, 1, 256, 13, 0, 512, 0.0003262, 0, 2.9e-06, 175616, 0.110422, 0, 4.25e-05, 512, 0.0003363, 0, 3.44e-05, 175616, 0.107789, 0, 0.0001117, 0, 128, 1, 13, 
163, 1, 1, 256, 13, 0, 512, 0.0003297, 0, 2.9e-06, 175616, 0.110231, 0, 2.9e-05, 512, 0.0003022, 0, 8e-07, 175616, 0.107173, 0, 1.93e-05, 0, 128, 1, 13, 
164, 1, 8, 226, 65, 2, 452, 0.0003488, 0, 2.25e-05, 153100, 0.096652, 0, 2.73e-05, 452, 0.0002718, 0, 9e-07, 153100, 0.093214, 0, 3.63e-05, 0, 128, 2, 65, 
165, 1, 20, 174, 117, 0, 78, 8.43e-05, 0, 9.7e-06, 650, 0.0004249, 0, 1e-06, 348, 0.0002087, 0, 1e-06, 650, 0.0004134, 0, 2.9e-06, 0, 128, -1, 128, 
166, 1, 9, 224, 65, 2, 448, 0.000329, 0, 3.7e-06, 122256, 0.0773867, 0, 3.75e-05, 448, 0.0002775, 0, 9e-07, 122256, 0.074493, 0, 2.6e-05, 0, 128, 2, 65, 
167, 1, 1, 256, 13, 0, 512, 0.0003305, 0, 1.1e-06, 138752, 0.0865716, 0, 4.15e-05, 512, 0.0003074, 0, 8e-07, 138752, 0.0844688, 0, 0.0001279, 0, 128, 1, 13, 
168, 1, 26, 156, 117, 0, 248, 0.0002356, 0, 5.37e-05, 3678, 0.0022873, 0, 3.3e-06, 312, 0.0001879, 0, 8e-07, 3678, 0.0022175, 0, 1.75e-05, 0, 128, -1, 128, 
169, 1, 25, 160, 117, 4, 37, 8.63e-05, 0, 9.4e-06, 666, 0.000439, 0, 1.6e-06, 320, 0.000188, 0, 9e-07, 666, 0.0004098, 0, 4.2e-06, 0, 128, -1, 128, 
170, 1, 12, 212, 78, 3, 424, 0.0003094, 0, 3.8e-06, 69724, 0.0440923, 0, 1.63e-05, 424, 0.0002531, 0, 2.9e-06, 69724, 0.0426158, 0, 6.59e-05, 0, 128, 2, 78, 
171, 1, 1, 256, 13, 0, 512, 0.0003582, 0, 3.4e-06, 77312, 0.0486165, 0, 3.59e-05, 512, 0.0003316, 0, 1.53e-05, 77312, 0.0472791, 0, 2.18e-05, 0, 128, 1, 13, 
172, 1, 1, 256, 13, 0, 512, 0.0003854, 0, 2.08e-05, 77312, 0.0488495, 0, 5.61e-05, 512, 0.0003408, 0, 3.07e-05, 77312, 0.0473238, 0, 2.31e-05, 0, 128, 1, 13, 
173, 1, 1, 256, 13, 0, 512, 0.0003485, 0, 1e-06, 77312, 0.0489509, 0, 2.12e-05, 512, 0.0003156, 0, 1e-06, 77312, 0.0475693, 0, 4.87e-05, 0, 128, 1, 13, 
174, 1, 1, 256, 13, 0, 512, 0.0003527, 0, 2.6e-06, 77312, 0.049047, 0, 6.4e-05, 512, 0.0003406, 0, 2.48e-05, 77312, 0.0475791, 0, 4.87e-05, 0, 128, 1, 13, 
175, 1, 1, 256, 13, 0, 512, 0.0003466, 0, 1e-06, 77312, 0.0492679, 0, 5.89e-05, 512, 0.0003195, 0, 9e-07, 77312, 0.0475072, 0, 2.66e-05, 0, 128, 1, 13, 
176, 1, 1, 256, 13, 0, 512, 0.0003487, 0, 1e-06, 77312, 0.0490155, 0, 4.28e-05, 512, 0.0003221, 0, 9e-07, 77312, 0.0476966, 0, 2.44e-05, 0, 128, 1, 13, 
177, 1, 1, 256, 13, 0, 512, 0.0003493, 0, 1e-06, 77312, 0.0489671, 0, 2.56e-05, 512, 0.0003306, 0, 3e-06, 77312, 0.0477716, 0, 2.23e-05, 0, 128, 1, 13, 
178, 1, 1, 256, 13, 0, 512, 0.0003517, 0, 1e-06, 77312, 0.0495171, 0, 0.000294, 512, 0.0003156, 0, 9e-07, 77312, 0.0478355, 0, 6.44e-05, 0, 128, 1, 13, 
179, 1, 1, 256, 13, 0, 512, 0.0003508, 0, 1e-06, 77312, 0.0489947, 0, 1.65e-05, 512, 0.0003219, 0, 2.9e-06, 77312, 0.0476207, 0, 5.09e-05, 0, 128, 1, 13, 
180, 1, 1, 256, 13, 0, 512, 0.0003556, 0, 1e-06, 77312, 0.048719, 0, 1.67e-05, 512, 0.0003202, 0, 9e-07, 77312, 0.0476157, 0, 4.35e-05, 0, 128, 1, 13, 
181, 1, 1, 256, 13, 0, 512, 0.0003472, 0, 1.2e-06, 77312, 0.0487844, 0, 1.2e-05, 512, 0.0003156, 0, 3e-06, 77312, 0.0474596, 0, 1.7e-05, 0, 128, 1, 13, 
182, 1, 1, 256, 13, 0, 512, 0.0003291, 0, 1e-06, 77312, 0.0486271, 0, 2.33e-05, 512, 0.0002961, 0, 2.2e-06, 77312, 0.0472775, 0, 2.13e-05, 0, 128, 1, 13, 
183, 1, 1, 256, 13, 0, 512, 0.0003201, 0, 8e-07, 77312, 0.0484863, 0, 1.65e-05, 512, 0.0003088, 0, 3.3e-06, 77312, 0.0473801, 0, 4.88e-05, 0, 128, 1, 13, 
184, 1, 1, 256, 13, 0, 512, 0.0003203, 0, 8e-07, 77312, 0.0486481, 0, 7.44e-05, 512, 0.0003055, 0, 2.2e-06, 77312, 0.047293, 0, 9.74e-05, 0, 128, 1, 13, 
185, 1, 1, 256, 13, 0, 512, 0.0003198, 0, 8e-07, 77312, 0.0489252, 0, 5.78e-05, 512, 0.0003063, 0, 8e-07, 77312, 0.0474914, 0, 2.36e-05, 0, 128, 1, 13, 
186, 1, 1, 256, 13, 0, 512, 0.0003302, 0, 1.2e-06, 77312, 0.0488197, 0, 2.61e-05, 512, 0.0003087, 0, 4.4e-06, 77312, 0.0475654, 0, 4.14e-05, 0, 128, 1, 13, 
187, 1, 1, 256, 13, 0, 512, 0.0003284, 0, 2.3e-06, 77312, 0.0487909, 0, 3.23e-05, 512, 0.0002946, 0, 7e-07, 77312, 0.0476737, 0, 3.96e-05, 0, 128, 1, 13, 
188, 1, 1, 256, 13, 0, 512, 0.0003257, 0, 8e-07, 77312, 0.0491152, 0, 3.1e-05, 512, 0.000294, 0, 7e-07, 77312, 0.0474583, 0, 3.21e-05, 0, 128, 1, 13, 
189, 1, 1, 256, 13, 0, 512, 0.0003262, 0, 2.1e-06, 77312, 0.0486853, 0, 2.12e-05, 512, 0.0003012, 0, 2.4e-06, 77312, 0.0475543, 0, 2.51e-05, 0, 128, 1, 13, 
190, 1, 1, 256, 13, 0, 512, 0.0003184, 0, 8e-07, 77312, 0.0487103, 0, 7.03e-05, 512, 0.0003024, 0, 8e-07, 77312, 0.0474852, 0, 4.59e-05, 0, 128, 1, 13, 
191, 1, 1, 256, 13, 0, 512, 0.0003258, 0, 2.7e-06, 77312, 0.048678, 0, 4.69e-05, 512, 0.0003091, 0, 8e-07, 77312, 0.0471436, 0, 1.52e-05, 0, 128, 1, 13, 
192, 1, 1, 256, 13, 0, 512, 0.0003217, 0, 1.2e-06, 77312, 0.0488876, 0, 4.91e-05, 512, 0.0003072, 0, 2.5e-06, 77312, 0.0478085, 0, 2.35e-05, 0, 128, 1, 13, 
193, 1, 1, 256, 13, 0, 512, 0.0003232, 0, 2.2e-06, 77312, 0.0486984, 0, 1.74e-05, 512, 0.0002974, 0, 7e-07, 77312, 0.0473857, 0, 1.5e-05, 0, 128, 1, 13, 
194, 1, 1, 256, 13, 0, 512, 0.0003348, 0, 9e-07, 77312, 0.0488477, 0, 2.95e-05, 512, 0.0002987, 0, 8e-07, 77312, 0.0472683, 0, 1.89e-05, 0, 128, 1, 13, 
195, 1, 1, 256, 13, 0, 512, 0.0003303, 0, 9e-07, 77312, 0.0487863, 0, 4.92e-05, 512, 0.0002966, 0, 7e-07, 77312, 0.0472784, 0, 1.74e-05, 0, 128, 1, 13, 
196, 1, 1, 256, 13, 0, 512, 0.000334, 0, 8e-06, 77312, 0.0488755, 0, 4.79e-05, 512, 0.0003454, 0, 2.33e-05, 77312, 0.0475029, 0, 2.61e-05, 0, 128, 1, 13, 
197, 1, 1, 256, 13, 0, 512, 0.0003479, 0, 1.2e-06, 77312, 0.0489214, 0, 3.63e-05, 512, 0.0003251, 0, 7.4e-06, 77312, 0.0476747, 0, 2.98e-05, 0, 128, 1, 13, 
198, 1, 1, 256, 13, 0, 512, 0.000358, 0, 9e-07, 77312, 0.0487718, 0, 4.27e-05, 512, 0.0003193, 0, 9e-07, 77312, 0.0476119, 0, 2.29e-05, 0, 128, 1, 13, 
199, 1, 1, 256, 13, 0, 512, 0.0003536, 0, 1e-06, 77312, 0.0491138, 0, 5.47e-05, 512, 0.0003183, 0, 9e-07, 77312, 0.0474396, 0, 1.6e-05, 0, 128, 1, 13, 
200, 1, 1, 256, 13, 0, 512, 0.0003535, 0, 1e-06, 77312, 0.0489676, 0, 4.07e-05, 512, 0.0003183, 0, 9e-07, 77312, 0.0476839, 0, 3.87e-05, 0, 128, 1, 13, 
201, 1, 1, 256, 13, 0, 512, 0.0003482, 0, 9e-07, 77312, 0.0494101, 0, 0.0003353, 512, 0.0003315, 0, 9e-07, 77312, 0.0482606, 0, 0.0003479, 0, 128, 1, 13, 
202, 1, 9, 221, 78, 2, 442, 0.0003383, 0, 6.8e-06, 66182, 0.0422631, 0, 0.0002908, 442, 0.000285, 0, 2.8e-06, 66182, 0.0403145, 0, 4.44e-05, 0, 128, 2, 78, 
203, 1, 18, 187, 117, 4, 169, 0.0001722, 0, 1.25e-05, 2164, 0.0013181, 0, 3e-06, 374, 0.0002288, 0, 1e-06, 2164, 0.0012826, 0, 1.4e-06, 0, 128, -1, 128, 
204, 1, 19, 182, 117, 0, 107, 0.000115, 0, 9.6e-06, 1318, 0.0008426, 0, 4.2e-06, 364, 0.0002248, 0, 2.4e-06, 1318, 0.0008163, 0, 6.4e-06, 0, 128, -1, 128, 
205, 1, 19, 181, 117, 1, 126, 0.0001229, 0, 9.2e-06, 1862, 0.0011333, 0, 2.9e-06, 362, 0.0002194, 0, 1e-06, 1862, 0.0011054, 0, 2.2e-06, 0, 128, -1, 128, 
206, 1, 11, 183, 117, 0, 173, 0.0001447, 0, 1.03e-05, 2300, 0.0014384, 0, 7.5e-06, 366, 0.0002211, 0, 8e-07, 2300, 0.0013761, 0, 1.08e-05, 0, 128, -1, 128, 
128, 128, 256, 256, 256, 256, 256, 256, 256, 256, 256, 256, 256, 256, 256, 256, 384, 384, 384, 384, 384, 384, 1408, 1408, 1536, 1536, 1536, 1536, 1536, 1536, 1536, 1664, 1664, 1664, 1664, 1664, 1664, 1664, 1664, 1664, 1792, 1792, 1792, 1792, 1792, 1792, 1792, 1792, 1792, 1792, 1792, 1792, 1920, 1920, 1920, 1920, 1920, 1920, 1920, 1920, 1920, 1920, 1920, 1920, 1920, 1920, 1920, 1920, 2048, 2048, 2048, 2048, 2048, 2048, 2048, 2048, 2048, 2048, 2048, 2048, 2048, 2048, 2048, 2048, 2048, 2176, 2176, 2176, 2176, 2176, 2176, 2176, 2176, 2176, 2176, 2176, 2176, 2176, 2176, 2176, 2176, 2304, 2304, 2304, 2304, 2304, 2304, 2304, 2304, 2304, 2304, 2304, 2304, 2304, 2304, 2432, 2432, 2432, 2432, 2432, 2432, 2432, 2432, 2432, 2432, 2432, 2432, 2432, 2432, 2432, 2432, 2560, 2560, 2560, 2560, 2560, 2560, 2560, 2560, 2560, 2560, 2560, 2560, 2560, 2560, 2560, 2560, 2688, 2688, 2688, 2688, 2688, 2688, 2688, 2688, 2688, 2688, 2688, 2688, 2688, 2688, 2688, 2688, 2816, 2816, 2816, 2816, 2816, 2816, 2816, 2816, 2816, 2816, 2816, 2816, 2816, 2816, 2816, 2816, 2816, 2944, 2944, 2944, 2944, 2944, 2944, 2944, 3968, 3968, 4992, 4992, 6016, 6016, 6016, 6016, 6016, 6016, 6144, 6144, 6272, 6272, 6272, 6272, 6272, 6272, 6272, 6272, 6272, 6272, 6272, 6272, 6272, 6272, 6400, 6528, 6528, 6528, 6528, 6528, 6656, 6656, 6656, 6656, 6656, 6656, 6656, 6656, 6656, 6656, 6656, 6656, 7168, 7168, 7168, 7168, 7168, 7296, 7296, 7296, 7296, 7296, 7296, 7296, 7296, 7296, 7296, 7296, 7296, 7296, 7424, 7424, 7424, 7424, 7424, 7552, 7552, 7552, 7552, 7552, 7680, 7680, 7680, 7680, 7680, 7680, 7680, 7680, 7680, 7680, 7680, 7808, 7808, 7808, 7808, 9856, 9856, 9856, 9856, 9856, 9856, 9984, 10112, 10112, 10112, 10112, 10112, 10112, 10112, 10112, 10112, 10112, 10112, 10112, 10112, 10112, 10112, 10112, 10112, 10112, 10112, 10112, 10112, 10112, 10112, 10112, 10112, 10112, 10112, 10112, 10112, 10112, 10112, 10112, 10112, 10112, 10112, 10112, 10112, 10112, 10112, 10112, 10112, 10112, 10112, 10112, 10112, 10112, 10112, 10112, 10112, 10112, 10112, 10112, 10112, 10112, 10112, 10112, 10112, 10112, 10112, 10112, 10112, 10112, 10112, 10112, 10112, 10112, 10112, 10112, 10112, 10112, 10112, 10112, 10112, 10112, 10112, 10112, 10112, 10112, 10112, 10112, 10112, 10112, 10112, 10112, 10112, 10112, 10112, 10112, 10112, 10112, 10112, 10112, 10112, 10112, 10112, 10112, 10112, 10112, 10112, 10112, 10112, 10112, 10112, 10112, 10112, 10112, 10112, 10112, 10112, 10112, 10112, 10112, 10112, 10112, 10112, 10112, 10112, 10112, 10112, 10112, 10112, 10112, 10112, 10112, 10112, 10112, 10112, 10112, 10112, 10112, 10112, 10112, 10112, 10112, 10112, 10112, 10112, 11136, 11136, 11136, 11136, 11264, 11264, 11264, 11264, 11264, 11264, 11264, 11264, 11264, 11264, 11264, 11264, 11264, 11264, 11264, 11264, 11264, 11392, 11392, 11392, 11392, 11392, 11392, 11392, 11392, 11392, 11392, 11392, 11392, 11392, 11392, 11392, 11392, 11520, 11520, 11520, 11520, 11520, 11520, 11520, 11520, 11520, 11520, 11520, 11520, 11520, 11520, 11520, 11520, 11520, 11648, 11648, 11648, 11648, 11648, 11648, 11648, 11648, 11648, 11648, 11648, 11648, 11648, 11648, 11648, 11648, 11776, 11776, 11776, 11776, 11776, 11776, 11776, 11776, 11776, 11776, 11776, 11776, 11776, 11904, 11904, 11904, 11904, 11904, 11904, 11904, 11904, 11904, 11904, 11904, 11904, 11904, 11904, 11904, 11904, 12032, 12032, 12032, 12032, 12032, 12032, 12032, 12032, 12032, 12032, 12032, 12032, 12032, 12032, 12032, 12032, 12032, 12160, 12160, 12160, 12160, 12160, 12160, 12160, 12160, 12160, 12160, 12160, 12160, 12160, 12160, 12160, 12160, 12288, 12288, 12288, 12288, 12288, 12288, 12288, 12288, 12288, 12288, 12288, 12288, 12288, 12288, 12288, 12288, 12288, 12288, 12416, 12416, 12416, 12416, 12416, 12416, 12416, 12416, 12416, 12416, 13440, 13440, 14464, 14464, 15488, 15488, 15488, 15616, 15616, 15616, 15616, 15744, 15744, 15744, 15744, 15872, 15872, 15872, 15872, 15872, 15872, 15872, 15872, 16384, 16384, 16384, 16384, 16384, 16384, 16384, 16384, 16384, 16384, 16384, 16384, 16512, 16512, 16512, 16512, 16640, 16640, 16640, 18688, 18688, 18688, 18688, 18688, 18688, 18688, 18816, 18816, 18816, 18816, 18816, 18816, 18944, 18944, 18944, 18944, 18944, 18944, 18944, 19072, 19200, 19200, 19200, 19200, 19200, 19200, 19200, 19200, 19200, 19200, 19200, 19200, 19200, 19200, 19328, 19328, 19328, 19328, 19328, 19328, 19328, 19328, 19328, 19328, 19328, 19328, 19328, 19328, 19328, 19328, 19328, 19328, 19328, 19328, 19328, 19328, 19328, 19328, 19328, 19328, 19328, 19328, 19328, 19328, 19328, 19328, 19328, 19328, 19328, 19328, 19328, 19328, 19328, 19328, 19328, 19328, 19328, 19328, 19328, 19328, 19328, 19328, 19456, 19456, 19456, 19456, 19456, 19456, 19456, 19456, 19456, 19456, 19456, 19456, 19456, 19456, 19456, 19456, 19456, 19456, 19456, 19456, 19456, 19456, 19456, 19456, 19456, 19456, 19456, 19456, 19456, 19456, 19456, 19456, 19456, 19456, 19456, 19456, 19456, 19456, 19456, 19456, 19456, 19456, 19456, 19456, 19456, 19456, 19456, 19456, 19456, 19456, 19456, 19456, 19456, 19456, 19456, 19456, 19456, 19456, 19456, 19584, 19584, 19584, 19584, 19584, 19584, 19584, 19584, 19584, 19584, 19584, 19584, 19584, 19584, 19584, 19584, 19584, 19584, 19584, 19584, 19584, 19584, 19584, 19584, 19584, 19584, 19584, 19584, 19584, 19584, 19584, 19584, 19584, 19584, 19584, 19584, 19584, 19584, 19584, 19584, 19584, 19584, 19584, 19584, 19584, 19584, 19584, 19584, 19584, 19584, 19584, 19584, 19584, 19584, 19584, 19584, 19584, 19712, 19712, 19712, 19712, 19712, 19712, 19712, 19712, 19712, 19712, 19712, 19712, 19712, 19712, 19712, 19712, 19712, 19712, 19712, 19712, 19712, 19712, 19712, 19712, 19712, 19712, 19712, 19712, 19712, 19712, 19712, 19712, 19712, 19712, 19712, 19712, 19712, 19712, 19712, 19712, 19712, 19712, 19712, 19712, 19712, 19712, 19712, 19712, 19712, 19712, 19712, 19712, 19712, 19712, 19712, 19712, 19712, 19840, 19840, 19840, 19840, 19840, 19840, 19840, 19840, 19840, 19840, 19840, 19840, 19840, 19840, 19840, 19840, 19840, 19840, 19840, 19840, 19840, 19840, 19840, 19840, 19840, 19840, 19840, 19840, 19840, 19840, 19840, 19840, 19840, 19840, 19840, 19840, 19840, 19840, 19840, 19840, 19840, 19840, 19840, 19840, 19840, 19840, 19840, 19840, 19840, 19840, 19840, 19840, 19840, 19840, 19840, 19840, 19840, 19840, 19968, 19968, 19968, 19968, 19968, 19968, 19968, 19968, 19968, 19968, 19968, 19968, 19968, 19968, 19968, 19968, 19968, 19968, 19968, 19968, 19968, 19968, 19968, 19968, 19968, 19968, 19968, 19968, 19968, 19968, 19968, 19968, 19968, 19968, 19968, 19968, 19968, 19968, 19968, 19968, 19968, 19968, 19968, 19968, 19968, 19968, 19968, 19968, 19968, 19968, 19968, 19968, 19968, 19968, 19968, 19968, 19968, 20096, 20096, 20096, 20096, 20096, 20096, 20096, 20096, 20096, 20096, 20096, 20096, 20096, 20096, 20096, 20096, 20096, 20096, 20096, 20096, 20096, 20096, 20096, 20096, 20096, 20096, 20096, 20096, 20096, 20096, 21120, 21120, 21120, 21120, 21120, 21120, 21120, 21120, 21120, 21120, 21248, 21248, 21248, 21248, 21248, 21248, 21248, 21248, 21248, 21248, 21248, 21248, 21248, 21248, 21248, 21248, 21248, 21248, 21248, 21248, 21376, 21376, 21376, 21376, 21376, 21376, 21376, 21376, 21376, 21376, 21376, 21376, 21376, 21376, 21632, 21632, 21632, 21632, 21632, 21632, 21632, 21632, 21632, 21632, 21632, 21632, 21632, 21632, 21632, 21632, 21632, 21632, 21632, 21632, 21632, 21632, 21632, 21632, 21632, 21632, 21632, 21632, 21632, 21632, 21632, 21632, 21632, 21632, 21632, 21632, 21632, 21632, 21632, 21632, 21632, 21632, 21632, 21632, 21632, 21632, 21632, 21632, 21760, 21760, 21760, 21760, 21760, 21760, 21760, 21760, 21760, 21760, 21760, 21760, 21760, 21760, 21760, 21760, 21760, 21760, 21760, 21760, 21760, 21760, 21760, 21760, 21760, 21760, 21760, 21760, 21760, 21760, 21760, 21760, 21760, 21760, 21760, 21760, 21760, 21760, 21760, 21760, 21760, 21760, 21760, 21760, 21760, 21888, 21888, 21888, 21888, 21888, 21888, 21888, 21888, 21888, 21888, 21888, 21888, 21888, 21888, 21888, 21888, 21888, 21888, 21888, 21888, 21888, 21888, 21888, 21888, 21888, 21888, 21888, 21888, 21888, 21888, 21888, 25984, 25984, 25984, 25984, 25984, 25984, 25984, 25984, 25984, 25984, 25984, 25984, 25984, 26112, 26112, 26112, 26112, 26112, 26112, 26112, 26112, 26112, 26112, 26112, 26112, 26112, 26112, 26112, 26112, 26112, 26112, 26112, 26112, 26112, 26112, 26112, 26112, 26112, 26112, 26112, 26112, 26112, 26112, 26112, 26112, 26112, 26112, 26112, 26112, 26112, 26112, 26112, 26112, 26112, 26112, 26112, 26112, 26112, 26112, 26112, 26112, 26112, 26112, 26112, 26112, 26112, 26112, 26112, 26112, 26112, 26112, 26240, 26240, 26240, 26240, 26240, 26240, 26240, 26240, 26240, 26240, 26240, 26240, 26240, 26240, 26240, 26240, 26240, 26240, 26240, 26240, 26240, 26240, 26240, 26240, 26240, 26240, 26240, 26240, 26240, 26368, 26368, 26368, 26368, 26368, 26368, 26368, 26368, 26368, 26368, 26368, 26368, 26368, 26368, 26368, 26368, 26368, 26368, 26368, 26368, 26368, 26368, 26368, 26368, 26368, 26368, 26368, 26368, 26496, 26496, 26496, 26496, 26496, 26496, 26496, 26496, 26496, 26496, 26496, 26496, 26496, 26496, 26496, 26496, 26496, 26496, 26496, 26496, 26496, 26496, 26496, 26496, 26496, 26496, 26496, 26496, 26496, 26496, 26496, 26496, 26496, 26496, 26496, 26496, 26496, 26496, 26496, 26496, 26496, 26496, 26496, 26496, 26496, 26496, 26496, 26496, 26496, 26496, 26496, 26496, 26496, 26496, 26496, 26496, 26496, 26496, 26496, 26496, 26496, 26496, 26496, 26496, 26496, 26496, 26496, 26496, 26496, 26496, 26496, 26496, 26496, 26496, 26496, 26496, 26496, 26496, 26496, 26496, 26496, 26496, 26496, 26496, 26496, 26496, 26496, 26496, 26496, 26496, 26496, 26496, 26496, 26496, 26496, 26496, 26496, 26496, 26496, 26496, 26496, 26496, 26496, 26496, 26496, 26496, 26496, 26496, 26496, 26496, 26496, 26496, 26496, 26496, 26496, 26496, 26496, 26496, 26496, 26496, 26496, 26496, 26496, 26496, 26496, 26496, 26496, 26496, 26496, 26496, 26496, 26496, 26496, 26496, 26496, 26496, 26496, 26496, 26496, 26496, 26496, 26496, 26496, 26496, 26496, 26496, 26496, 26496, 26496, 26496, 26496, 26496, 26496, 26496, 26496, 26496, 26496, 26496, 26496, 26496, 26496, 26496, 26496, 26496, 26496, 26496, 26496, 26496, 26496, 26496, 26496, 26496, 26496, 26496, 26496, 26496, 26496, 26496, 26496, 26496, 26496, 26496, 26496, 26496, 26496, 26496, 26496, 26496, 26496, 26496, 26496, 26496, 26496, 26496, 26496, 26496, 26496, 26496, 26496, 26496, 26496, 26496, 26496, 26496, 26496, 26496, 26496, 26496, 26496, 26496, 26496, 
13, 39, 52, 52, 78, 91, 91, 104, 117, 117, 156, 167, 167, 167, 167, 167, 180, 180, 180, 180, 180, 180, 284, 284, 297, 297, 323, 336, 336, 349, 362, 375, 375, 375, 401, 414, 414, 427, 440, 440, 492, 492, 492, 518, 531, 531, 544, 557, 557, 557, 596, 596, 620, 620, 646, 659, 659, 659, 672, 672, 685, 724, 724, 735, 735, 735, 735, 735, 748, 748, 774, 787, 787, 787, 800, 800, 813, 852, 852, 863, 863, 863, 863, 863, 863, 876, 902, 902, 915, 915, 915, 928, 941, 941, 980, 991, 991, 991, 991, 991, 991, 1004, 1004, 1030, 1043, 1043, 1056, 1069, 1069, 1108, 1108, 1119, 1119, 1119, 1119, 1132, 1132, 1158, 1171, 1171, 1171, 1184, 1184, 1197, 1236, 1236, 1247, 1247, 1247, 1247, 1247, 1260, 1260, 1286, 1299, 1299, 1299, 1312, 1312, 1325, 1364, 1364, 1375, 1375, 1375, 1375, 1375, 1388, 1388, 1414, 1427, 1427, 1427, 1440, 1440, 1453, 1492, 1492, 1503, 1503, 1503, 1503, 1503, 1516, 1516, 1542, 1555, 1555, 1555, 1568, 1568, 1581, 1620, 1620, 1631, 1631, 1631, 1631, 1631, 1631, 1644, 1644, 1670, 1683, 1683, 1683, 1696, 1800, 1800, 1904, 1904, 2008, 2008, 2008, 2034, 2047, 2047, 2073, 2073, 2086, 2112, 2112, 2125, 2138, 2138, 2151, 2190, 2190, 2190, 2201, 2201, 2227, 2227, 2240, 2253, 2253, 2253, 2253, 2279, 2305, 2305, 2305, 2305, 2331, 2344, 2344, 2357, 2370, 2370, 2409, 2420, 2472, 2472, 2472, 2472, 2472, 2485, 2485, 2485, 2511, 2511, 2511, 2511, 2524, 2524, 2524, 2537, 2537, 2537, 2550, 2550, 2550, 2576, 2589, 2602, 2602, 2602, 2602, 2628, 2654, 2654, 2680, 2693, 2693, 2693, 2693, 2693, 2693, 2693, 2693, 2719, 2719, 2719, 2719, 2953, 2953, 2953, 2953, 2953, 2979, 2992, 3005, 3005, 3005, 3005, 3005, 3005, 3005, 3005, 3005, 3005, 3005, 3005, 3005, 3005, 3005, 3005, 3005, 3005, 3005, 3005, 3005, 3005, 3005, 3005, 3005, 3005, 3005, 3005, 3005, 3005, 3005, 3005, 3005, 3005, 3005, 3005, 3005, 3005, 3005, 3005, 3005, 3005, 3005, 3005, 3005, 3005, 3005, 3005, 3005, 3005, 3005, 3005, 3005, 3005, 3005, 3005, 3005, 3005, 3005, 3005, 3005, 3005, 3005, 3005, 3005, 3005, 3005, 3005, 3005, 3005, 3005, 3005, 3005, 3005, 3005, 3005, 3005, 3005, 3005, 3005, 3005, 3005, 3005, 3005, 3005, 3005, 3005, 3005, 3005, 3005, 3005, 3005, 3005, 3005, 3005, 3005, 3005, 3005, 3005, 3005, 3005, 3005, 3005, 3005, 3005, 3005, 3005, 3005, 3005, 3005, 3005, 3005, 3005, 3005, 3005, 3005, 3005, 3005, 3005, 3005, 3005, 3005, 3005, 3005, 3005, 3005, 3005, 3005, 3005, 3005, 3005, 3005, 3005, 3031, 3044, 3044, 3044, 3148, 3148, 3148, 3174, 3200, 3200, 3226, 3239, 3239, 3239, 3252, 3252, 3265, 3304, 3304, 3315, 3315, 3315, 3315, 3315, 3315, 3328, 3354, 3354, 3354, 3367, 3367, 3380, 3393, 3393, 3432, 3443, 3443, 3443, 3443, 3443, 3443, 3456, 3456, 3482, 3482, 3482, 3495, 3508, 3508, 3521, 3560, 3560, 3560, 3571, 3571, 3571, 3571, 3571, 3584, 3610, 3610, 3610, 3623, 3623, 3636, 3649, 3649, 3688, 3688, 3688, 3699, 3699, 3699, 3699, 3712, 3712, 3712, 3738, 3738, 3751, 3764, 3764, 3777, 3816, 3816, 3827, 3827, 3840, 3840, 3840, 3866, 3866, 3879, 3892, 3892, 3905, 3944, 3944, 3944, 3955, 3955, 3955, 3955, 3968, 3968, 3968, 3994, 3994, 4007, 4020, 4020, 4033, 4072, 4072, 4072, 4083, 4083, 4083, 4083, 4083, 4096, 4096, 4096, 4122, 4135, 4135, 4148, 4161, 4161, 4161, 4200, 4200, 4211, 4211, 4211, 4211, 4224, 4224, 4224, 4250, 4263, 4263, 4276, 4289, 4289, 4289, 4328, 4328, 4339, 4339, 4339, 4339, 4339, 4339, 4352, 4378, 4378, 4391, 4404, 4404, 4417, 4456, 4456, 4456, 4571, 4571, 4675, 4675, 4779, 4779, 4779, 4818, 4818, 4818, 4818, 4857, 4857, 4857, 4857, 4896, 4896, 4922, 4935, 4935, 4948, 4961, 4961, 5052, 5052, 5052, 5052, 5052, 5052, 5078, 5078, 5091, 5091, 5091, 5091, 5104, 5104, 5104, 5130, 5156, 5156, 5156, 5364, 5364, 5364, 5364, 5364, 5390, 5390, 5416, 5416, 5416, 5416, 5416, 5442, 5468, 5468, 5494, 5494, 5494, 5507, 5507, 5533, 5546, 5546, 5546, 5546, 5546, 5572, 5572, 5572, 5585, 5585, 5598, 5611, 5611, 5650, 5674, 5674, 5700, 5713, 5713, 5713, 5713, 5726, 5726, 5726, 5739, 5739, 5739, 5739, 5739, 5739, 5778, 5778, 5778, 5778, 5778, 5778, 5778, 5778, 5789, 5789, 5789, 5789, 5789, 5789, 5789, 5789, 5789, 5789, 5789, 5789, 5789, 5789, 5789, 5789, 5789, 5789, 5789, 5789, 5789, 5789, 5789, 5789, 5802, 5802, 5802, 5802, 5828, 5828, 5828, 5828, 5828, 5828, 5841, 5841, 5841, 5841, 5841, 5841, 5854, 5854, 5854, 5854, 5867, 5867, 5867, 5867, 5867, 5867, 5867, 5867, 5867, 5867, 5906, 5906, 5906, 5906, 5906, 5906, 5917, 5917, 5917, 5917, 5917, 5917, 5917, 5917, 5917, 5917, 5917, 5917, 5917, 5917, 5917, 5917, 5917, 5917, 5917, 5917, 5917, 5917, 5917, 5930, 5930, 5956, 5956, 5956, 5956, 5956, 5969, 5969, 5969, 5969, 5969, 5969, 5969, 5969, 5969, 5969, 5969, 5969, 5982, 5982, 5982, 5982, 5982, 5982, 5995, 5995, 5995, 5995, 5995, 5995, 6034, 6034, 6034, 6034, 6034, 6034, 6045, 6045, 6045, 6045, 6045, 6045, 6045, 6045, 6045, 6045, 6045, 6045, 6045, 6045, 6045, 6045, 6045, 6045, 6045, 6045, 6058, 6058, 6058, 6058, 6084, 6084, 6084, 6084, 6084, 6084, 6097, 6097, 6097, 6097, 6097, 6097, 6110, 6110, 6110, 6110, 6110, 6110, 6123, 6123, 6123, 6123, 6123, 6123, 6162, 6162, 6162, 6162, 6162, 6162, 6173, 6173, 6173, 6173, 6173, 6173, 6173, 6173, 6173, 6173, 6173, 6173, 6173, 6173, 6173, 6173, 6173, 6173, 6173, 6173, 6173, 6173, 6173, 6186, 6186, 6212, 6212, 6212, 6212, 6212, 6225, 6225, 6225, 6225, 6225, 6225, 6225, 6225, 6225, 6225, 6225, 6225, 6238, 6238, 6238, 6238, 6238, 6238, 6251, 6251, 6251, 6251, 6251, 6251, 6290, 6290, 6290, 6290, 6290, 6290, 6301, 6301, 6301, 6301, 6301, 6301, 6301, 6301, 6301, 6301, 6301, 6301, 6301, 6301, 6301, 6301, 6301, 6301, 6301, 6301, 6301, 6314, 6314, 6340, 6340, 6340, 6340, 6340, 6353, 6353, 6353, 6353, 6353, 6353, 6366, 6366, 6366, 6366, 6366, 6366, 6379, 6379, 6379, 6379, 6379, 6379, 6379, 6379, 6418, 6418, 6418, 6418, 6418, 6418, 6429, 6429, 6429, 6429, 6429, 6429, 6429, 6429, 6429, 6429, 6429, 6429, 6429, 6429, 6429, 6429, 6429, 6429, 6429, 6429, 6429, 6429, 6429, 6429, 6442, 6442, 6442, 6442, 6468, 6468, 6468, 6468, 6468, 6468, 6481, 6481, 6481, 6481, 6494, 6494, 6494, 6494, 6494, 6507, 6507, 6546, 6546, 6546, 6546, 6546, 6546, 6546, 6546, 6546, 6661, 6661, 6687, 6700, 6700, 6713, 6713, 6713, 6713, 6713, 6726, 6752, 6752, 6765, 6778, 6778, 6791, 6830, 6830, 6841, 6841, 6841, 6841, 6841, 6841, 6841, 6841, 6841, 6841, 6841, 6854, 6854, 6880, 6893, 6893, 6906, 6906, 6906, 6906, 6906, 6906, 6906, 6906, 6906, 6932, 6932, 6932, 6932, 6932, 6932, 6958, 6958, 6958, 6958, 6958, 6971, 6971, 6984, 6984, 6984, 6997, 6997, 6997, 7036, 7036, 7036, 7047, 7047, 7047, 7047, 7047, 7047, 7047, 7047, 7047, 7047, 7047, 7047, 7047, 7047, 7047, 7047, 7047, 7047, 7047, 7047, 7047, 7047, 7047, 7047, 7047, 7047, 7060, 7060, 7086, 7086, 7086, 7086, 7099, 7099, 7099, 7099, 7099, 7099, 7112, 7112, 7112, 7112, 7112, 7112, 7112, 7112, 7125, 7125, 7125, 7125, 7125, 7125, 7125, 7125, 7125, 7125, 7164, 7164, 7164, 7164, 7175, 7175, 7175, 7175, 7175, 7175, 7175, 7175, 7175, 7175, 7175, 7188, 7188, 7188, 7188, 7188, 7214, 7214, 7227, 7227, 7227, 7227, 7227, 7227, 7227, 7227, 7227, 7227, 7227, 7240, 7253, 7253, 7253, 7253, 7253, 7253, 7253, 7253, 7253, 7253, 7253, 7253, 7669, 7669, 7695, 7708, 7708, 7708, 7721, 7721, 7721, 7734, 7734, 7734, 7734, 7747, 7773, 7773, 7773, 7773, 7773, 7773, 7786, 7786, 7786, 7786, 7786, 7786, 7786, 7786, 7786, 7786, 7786, 7786, 7786, 7786, 7786, 7786, 7786, 7786, 7786, 7786, 7786, 7786, 7786, 7786, 7786, 7786, 7786, 7786, 7786, 7786, 7786, 7786, 7786, 7786, 7786, 7786, 7799, 7799, 7812, 7851, 7851, 7851, 7851, 7851, 7862, 7862, 7862, 7862, 7862, 7862, 7862, 7875, 7875, 7875, 7901, 7901, 7914, 7914, 7914, 7927, 7927, 7927, 7940, 7940, 7940, 7979, 7979, 7979, 7990, 7990, 7990, 7990, 7990, 7990, 7990, 7990, 7990, 7990, 7990, 7990, 8003, 8029, 8029, 8029, 8042, 8042, 8042, 8042, 8042, 8055, 8055, 8055, 8068, 8068, 8068, 8107, 8107, 8107, 8118, 8118, 8118, 8118, 8118, 8118, 8118, 8118, 8118, 8118, 8131, 8131, 8157, 8157, 8157, 8157, 8170, 8170, 8183, 8196, 8196, 8235, 8235, 8235, 8246, 8246, 8246, 8246, 8246, 8246, 8246, 8246, 8246, 8246, 8246, 8246, 8246, 8246, 8246, 8246, 8246, 8246, 8246, 8246, 8246, 8246, 8246, 8246, 8246, 8246, 8246, 8246, 8246, 8246, 8246, 8246, 8246, 8246, 8246, 8246, 8246, 8246, 8246, 8246, 8246, 8246, 8246, 8246, 8246, 8246, 8246, 8246, 8246, 8246, 8246, 8246, 8246, 8246, 8246, 8246, 8246, 8246, 8246, 8246, 8246, 8246, 8246, 8246, 8246, 8246, 8246, 8246, 8246, 8246, 8246, 8246, 8246, 8246, 8246, 8246, 8246, 8246, 8246, 8246, 8246, 8246, 8246, 8246, 8246, 8246, 8246, 8246, 8246, 8246, 8246, 8246, 8246, 8246, 8246, 8246, 8246, 8246, 8246, 8246, 8246, 8246, 8246, 8246, 8246, 8246, 8246, 8246, 8246, 8246, 8246, 8246, 8246, 8246, 8246, 8246, 8246, 8246, 8246, 8246, 8246, 8246, 8246, 8246, 8246, 8246, 8246, 8246, 8246, 8246, 8246, 8246, 8246, 8246, 8246, 8246, 8246, 8246, 8246, 8246, 8246, 8246, 8246, 8246, 8246, 8246, 8246, 8246, 8246, 8246, 8246, 8246, 8246, 8246, 8246, 8246, 8246, 8246, 8246, 8246, 8246, 8246, 8246, 8246, 8246, 8246, 8246, 8246, 8246, 8246, 8246, 8246, 8246, 8246, 8246, 8246, 8246, 8246, 8246, 8246, 8246, 8246, 8246, 8246, 8246, 8246, 8246, 8246, 8246, 8246, 8246, 8246, 8246, 8246, 8246, 8246, 8246, 
